comps.cin,comps.name,comps.paidupcap,comps.authcap
L26922HR1980PLC010901,JINDAL STAINLESS LIMITED,409250010,950000000
L27105HR1979PLC009913,JINDAL STEEL AND POWER LIMITED,934845568,2000000000
U04010CT1995PLC008985,JINDAL POWER LIMITED,13488000000,30000000000
U11101DL2008PLC176261,JINDAL PETROLEUM LIMITED,1984000000.00,2250000000.00
U51909GJ2014PTC078520,OPJ TRADING PRIVATE LIMITED,1000000.00,10000000.00
U65993DL2006PLC145991,JINDAL SYNERGY INVESTMENTS LIMITED,500000.00,20000000.00
U65993DL2006PLC146007,SALASAR FINVEST LIMITED,500000.00,20000000.00
U92411DL1909PLC000407,THE DELHI AND DISTRICT CRICKET ASSOCIATION LIMITED,0.00,0.00