comps.cin,comps.name,comps.paidupcap,comps.authcap
L26922HR1980PLC010901,JINDAL STAINLESS LIMITED,409250010,950000000
L64200DL1993PLC054086,OPTIEMUS INFRACOM LIMITED,858141910,859800000
U23101WB2010PTC141750,HOSPET COKE AND ENERGY PRIVATE LIMITED,1000000.00,10000000.00
L27203WB2004PLC170941,ESS DEE ALUMINIUM LIMITED,320478110.00,3714000000.00
L31501HR1973PLC007543,SURYA ROSHNI LIMITED,438312500,560000000
L51909GJ1994PLC022719,NANDAN DENIM LIMITED,455490560.00,1000000000.00
U18110CH1988PLC007928,AMARTEX INDUSTRIES LIMITED,161000000.00,172500000.00
U69990MH1999PLC123190,IDFC AMC TRUSTEE COMPANY LIMITED,500000.00,500000.00
U99999MH1993PLC071865,IDFC SECURITIES LIMITED,141372000.00,520000000.00
L31402WB1947PLC014919,EXIDE INDUSTRIES LIMITED,850000000,1000000000
U74920HR2003PLC035976,JSL LIFESTYLE LIMITED,226781240.00,300000000.00
U74899HR2004PLC035975,JSL ARCHITECTURE LIMITED,76626520.00,80000000.00
L65993DL1970PLC146414,NALWA SONS INVESTMENTS LIMITED TFR.FROM HARYANA TO DELHI,51361630.00,150000000.00
U27205HR2013PLC049963,JINDAL STAINLESS (HISAR) LIMITED,500000.00,500000.00
U65993GJ1981PLC066189,NALWA INVESTMENTS LIMITED,144500000.00,145000000.00
U74920GJ1990PLC066451,JINDAL HOLDINGS LIMITED (TRF HARYANA TO NCT OF DELHI ),184998200.00,222000000.00
U74920GJ1993PLC069400,JINDAL STEEL & ALLOYS LIMITED,70200000.00,80000000.00
L24222WB1902PLC001540,SHALIMAR PAINTS LTD,37856200.00,80000000.00
L27105HR1979PLC009913,JINDAL STEEL AND POWER LIMITED,934845568,2000000000
U15491WB1983PLC036898,SONABHEEL TEA LTD.,5192500.00,6000000.00
U25207HR1971PLC006005,JINDAL INDUSTRIES LIMITED,45000000.00,50000000.00
U25207HR1971PTC006005,JINDAL INDUSTRIES PRIVATE LIMITED,45000000.00,50000000.00
U65923DL2006PLC145962,NALWA FINCAP LIMITED,500000.00,20000000.00
U65923DL2008PLC177707,NALWA FINANCIAL SERVICES LIMITED,500000.00,20000000.00
U65993DL2006PLC145961,OPJ INVESTMENTS AND HOLDINGS LIMITED,500000.00,20000000.00
U74899DL1995PTC074107,NALWA FARMS PRIVATE LIMITED,100000.00,1000000.00
L17124MH1986PLC166615,INDO RAMA SYNTHETICS (INDIA) LIMITED,1518222420,1850000000
L24297WB1978PLC031539,ORIENTAL CARBON & CHEMICALS LTD,102960620.00,150000000.00
L31300DL1959PLC003141,HINDUSTHAN URBAN INFRASTRUCTURE LIMITED,14428850.00,25000000.00
U01122DL1996PTC076183,GOPI NURSERY PRIVATE LIMITED,500000.00,500000.00
U01403CT2007PLC020179,MONNET POWER COMPANY LIMITED,7874759310.00,20100000000.00
U74140DL2005PTC143616,SUMAN KHAITAN ADVISORY SERVICES PRIVATE LIMITED,200000.00,1000000.00
U04010CT1995PLC008985,JINDAL POWER LIMITED,13488000000,30000000000
U40102AR2010PLC008301,KAMALA HYDRO ELECTRIC POWER COMPANY LIMITED,7400000.00,2500000000.00
U13209DL2011PLC224178,JSPL MINING AND STEEL LIMITED,500000.00,500000.00
U20232KA1978PLC003383,RAMAN BOARDS LIMITED,30824000.00,40000000.00
U74140KA1996PLC031501,ABB HOLDINGS (SOUTH ASIA) LIMITED,1008930450.00,15000000000.00
U51909GJ2014PTC078520,OPJ TRADING PRIVATE LIMITED,1000000.00,10000000.00
U93000DL2011NPL222639,MIRACLE FOUNDATION INDIA,500000.00,500000.00
U40101DL2004PTC148280,ENERGY INFRATECH PRIVATE LIMITED,13872000.00,20000000.00
U40300DL2011PTC223921,RURAL RENEWABLE ENERGY PRIVATE LIMITED,100000.00,100000.00
U72200DL2008PLC175177,ENERGO INFRASTRUCTURE DEVELOPMENT CORPORATION LIMITED,21647500.00,50000000.00
U74140DL2012PTC236141,RV SHAHI ADVISORY PRIVATE LIMITED,100000.00,100000.00
L25111KL1972PLC002449,APOLLO TYRES LIMITED.,509024770,750000000
L45309MH2004PLC147531,RELIANCE COMMUNICATIONS LIMITED,12444898725,25000000000
L74999MH1995PLC093797,IIFL HOLDINGS LIMITED,592398006.00,1200000000.00
U00305MH1973PLC174201,ALKEM LABORATORIES LIMITED,239130000,500000000
U32202MH2007PLC176153,ILANDFS RENEWABLE ENERGY LIMITED,1773810000.00,2500000000.00
U40101TR2004PLC007544,ONGC TRIPURA POWER COMPANY LIMITED,11200000000.00,15000000000.00
U40104RJ2015PLC047322,SAURYA URJA COMPANY OF RAJASTHAN LIMITED,500000.00,100000000.00
U67190MH2010FTC203412,MIZUHO SECURITIES INDIA PRIVATE LIMITED,400000000.00,500000000.00
U74140MH2007PTC173971,INDIAVENTURE ADVISORS PRIVATE LIMITED,100000.00,5000000.00
U99999MH1974PTC129493,PIRAMAL FINANCE PRIVATE LIMITED,4254200000.00,7500000000.00
L40100GJ1995PLC025447,SUZLON ENERGY LIMITED,9651515488,15000000000
L01119KL1978PLC002947,HARRISONS MALAYALAM LTD,184543000.00,300000000.00
L24230GJ1972PLC002126,TORRENT PHARMACEUTICALS LTD,846113600,1250000000
L25100MH1958PLC011041,CEAT LIMITED,404500920,600000000
L27106MH1984PLC238266,JSW ISPAT STEEL LIMITED,30015528960,60000000000
L26942GJ1981PLC004717,AMBUJA CEMENTS LIMITED,3103794842,6500000000
L29130WB1946PLC013643,NATIONAL ENGG.INDUSTRIES LIMITED,8000000.00,20000000.00
L92199GJ1999PLC044045,INOX LEISURE LIMITED,964577540.00,1400700000.00
U29192WB1972PTC028222,VINAR SYSTEMS PRIVATE LIMITED,34047200.00,50000000.00
U34103MP2005PLC017319,AVTEC LIMITED,250000000.00,250000000.00
U48985WB1992PLC095301,GREAT EASTERN ENERGY CORPORATION LIMITED,595619500.00,700000000.00
U51909WB1943PLC011283,KARAM CHAND THAPAR & BROS (COAL SALES ) LTD,29511000.00,100000000.00
U65993MH2007PLC175649,MAHINDRA HOLDINGS LIMITED,1105865350.00,1600000000.00
U74140DL1970PLC005314,KHAITAN CONSULTANTS LIMITED,Not Available,60000000.00
L40102DL2007PLC169082,RATTANINDIA POWER LIMITED,29529333530.00,50000000000.00
L21090BR1918PLC000013,HINDUSTAN MEDIA VENTURES LIMITED,733937700.00,870000000.00
L24116UP1978PLC004624,JUBILANT LIFE SCIENCES LIMITED,159281139,655000000
L34101TN1948PLC000105,ASHOK LEYLAND LIMITED,2660676634,25921000000
L65191TN1997PLC037415,IDFC LIMITED,Not Available,50000000000
U45201DL2001PTC111338,AMARCHAND TOWERS PROPERTY HOLDINGS PRIVATE LIMITED,283548.00,300000.00
U45201DL2001PTC111336,FIRST COMMERCIAL SERVICES INDIA PRIVATE LIMITED,100000.00,500000.00
U45201DL2003PTC123470,PSNSS PROPERTIES PRIVATE LIMITED,110000.00,200000.00
U70102DL2007PTC186222,AAVANTI REALTY PRIVATE LIMITED,100000.00,100000.00
U74220DL2011PTC217904,UVAC CENTRE (INDIA) PRIVATE LIMITED,100000.00,500000.00
U74140DL2001PTC111337,FIRST FULL SERVICES PRIVATE LIMITED,100000.00,100000.00
U74140DL2011PTC218144,FIRST UNIVERSAL VIRTUAL INTERNATIONAL ARBITRATION CENTRE PRIVATE LIMITED,100000.00,10000000.00
U74899DL1994PTC062240,AMARCHAND MANGALDAS PROPERTIES PRIVATE LIMITED,100000.00,110000.00
U40105DL2001GOI113508,PIPAVAV POWER DEVELOPMENT COMPANY LIMITED,3750000.00,100000000.00
U11101DL2008PLC176261,JINDAL PETROLEUM LIMITED,1984000000.00,2250000000.00
U11100DL2008PLC173537,MMS ENERGY LIMITED,5416000.00,50000000.00
U40101DL2010PTC199611,AAPKA GEOTHERMAL POWER UNDERGROUND PRIVATE LIMITED,100000.00,1000000.00
U70100DL2011PTC227690,I2 INFRATECH PRIVATE LIMITED,1500000.00,1500000.00
U72200DL2006PTC145057,GRIP COMPUSOFT PRIVATE LIMITED,100000.00,100000.00
U74140DL2005PTC142349,PETROBIZ CONSULTANTS PRIVATE LIMITED,100000.00,100000.00
U40109AP2006PLC048975,KINETA POWER LIMITED,250100000.00,260000000.00
U70109HR2012PTC044758,NEW HOPE REALITY PRIVATE LIMITED,100000.00,100000.00
U25209DL1997PLC090986,INDIA FLYSAFE AVIATION LIMITED,150000000.00,150000000.00
U10100DL2010PLC199690,URTAN NORTH MINING COMPANY LIMITED,172549760.00,200000000.00
U13100CT2013PLC000681,EVERBEST STEEL AND MINING HOLDINGS LIMITED,2500000.00,3000000.00
U26999CT2005PTC017567,JINDAL REX EXPLORATION PRIVATE LIMITED,500000.00,2500000.00
U40102DL2004PLC128381,AMBITIOUS POWER TRADING COMPANY LIMITED,76000000.00,80000000.00
U72200DL2012PLC234009,VISION INFOCON LIMITED,500000.00,500000.00
U72900DL2008PLC178104,JINDAL INFOSOLUTIONS LIMITED,5000000.00,10000000.00
U65993DL2006PLC145991,JINDAL SYNERGY INVESTMENTS LIMITED,500000.00,20000000.00
U52100DL2009PTC196109,SHIVAJI TRADEX PRIVATE LIMITED,100000.00,100000.00
U51909GJ2014PTC078485,DANTA ENTERPRISES PRIVATE LIMITED,1000000.00,10000000.00
U51909GJ2013PTC074624,SIDDESHWARI TRADEX PRIVATE LIMITED,100000.00,500000.00
U51909DL2009PTC196261,MANNAT TRADEX PRIVATE LIMITED,100000.00,100000.00
U51900GJ2010PTC062558,GROOVY TRADING PRIVATE LIMITED,1651160.00,1700000.00
U51900GJ2010PTC062557,GLEBE TRADING PRIVATE LIMITED,69900000.00,151000000.00
U65993DL2006PLC146007,SALASAR FINVEST LIMITED,500000.00,20000000.00
U65993GJ2006PTC072170,HISAR FINCAP PRIVATE LIMITED,100000.00,20000000.00
U65993GJ2006PTC071736,SUN FINTRADE PRIVATE LIMITED,100000.00,20000000.00
U65993GJ2006PTC071735,STAINLESS FINANCE AND INVESTMENT PRIVATE LIMITED,100000.00,20000000.00
U65993GJ2006PTC071734,JINDAL SOUTH WEST FINANCE INVESTMENTS PRIVATE LIMITED,100000.00,20000000.00
U65993GJ2006PTC071733,JINDAL MANSAROVER INVESTMENTS PRIVATE LIMITED,100000.00,20000000.00
U65997DL2006PLC145999,VRINDAVAN FINTRADE LIMITED,500000.00,20000000.00
U74899DL1982PTC012940,JINDAL SYSTEMS PRIVATE LIMITED,500000.00,1000000.00
U93000DL2013GAT262918,PRJ FAMILY MANAGEMENT COMPANY PRIVATE LIMITED,100000.00,100000.00
U65921GJ1984PLC065675,JINDAL EQUIPMENT LEASING AND CONSULTANCY SERVICES LTD,289976300.00,321000000.00
U70101GJ1971PLC073499,ROHIT TOWER BUILDING LTD,2405000.00,2500000.00
U74899GJ1994PLC066477,HEXA SECURITIES AND FINANCE COMPANY LIMITED,255000000.00,260000000.00
L27104UP1984PLC023979,JINDAL SAW LIMITED,552453542,2000000000
L51101UP2010PLC042382,HEXA TRADEX LIMITED,110490708.00,150000000.00
U74899DL1988PLC033588,JINDAL INTELLICOM LIMITED,109100000.00,120000000.00
U74999DL2004PLC128194,IUP JINDAL METALS & ALLOYS LIMITED,140000000.00,150000000.00
U74900UP2007PLC069247,JINDAL ITF LIMITED,2682630130.00,2800000000.00
U92411DL1909PLC000407,THE DELHI AND DISTRICT CRICKET ASSOCIATION LIMITED,0.00,0.00
U45300DL2007PTC163120,SPS REALTORS PRIVATE LIMITED,100000.00,100000.00
U92190DL2012PTC242936,SAHIB SPORTS CENTER PRIVATE LIMITED,100000.00,100000.00
U92419DL2012PTC237633,PLAYERS ACADEMY PRIVATE LIMITED,100000.00,100000.00
L51909DL1984PLC018814,ASHOKA MERCANTILE LIMITED,9920000.00,10000000.00
U51109MH1924PLC001107,GANNON DUNKERLEY AND COMPANY LIMITED,26880000,200000000
U18101DL2004PTC128124,ADITYA CREATIONS PRIVATE LIMITED,100000.00,100000.00
U70101DL1996PTC077283,ROBIN ESTATES PRIVATE LIMITED,2000300.00,13000000.00
U72300DL2007PTC168466,UNITRON SOFTECH PRIVATE LIMITED,10000000.00,10000000.00
U74899DL1991PTC043542,NISHI EXPORTS PRIVATE LIMITED,1859800.00,2500000.00
U17114DL1996PTC078723,ALLIANCE INTERNATIONAL PRIVATE LIMITED,437000.00,5000000.00
U74899DL1987PTC027711,PANDORI ELECTRONICS PRIVATE LTD,1391500.00,1500000.00
U51909DL1997PTC090483,FYLFOT ENTERPRISES PRIVATE LIMITED,972240.00,1000000.00
U22219DL1992PLC048398,CORAL NEWSPRINTS LIMITED,50527000.00,55000000.00
U15326DL2011PTC214598,CHANDER BHAN OILS PRIVATE LIMITED,150000.00,1000000.00
U15541DL1983PLC016632,FROST FALCON DISTILLERIES LIMITED,83359220.00,100000000.00
U55101HP1972PTC003175,SPAN MOTELS PRIVATE LIMITED,9141000.00,200000000.00
U74899DL1989PTC038185,S.L. DEV AND COMPANY PRIVATE LIMITED,200000.00,40000000.00
U74899DL1985PTC022620,SPAN AIR PRIVATE LIMITED.,285629000.00,300000000.00
U17299DL2006PTC145903,C R COTTON INDIA PRIVATE LIMITED,100000.00,500000.00
U72200DL2006PTC144733,NORTH STAR INFOTECH SOLUTIONS PRIVATE LIMITED,100000.00,100000.00
U17211DL1999PLC100557,RATTAN INDUSTRIES LTD.,10000000.00,10000000.00
U18101DL1998PLC092663,BON MART INTERNATIONAL LIMITED,27578500.00,40000000.00
U92411UP2005NPL030360,UTTAR PRADESH CRICKET ASSOCIATION,0.00,0.00